{"schemaVersion":"1.0","appDefinitionTemplate":{"id":"/providers/Microsoft.PowerApps/apps/","type":"Microsoft.PowerApps/apps","tags":{"primaryDeviceWidth":"640","primaryDeviceHeight":"1136","supportsPortrait":"true","supportsLandscape":"true","primaryFormFactor":"Phone","publisherVersion":"3.22043.14","minimumRequiredApiVersion":"2.2.0","hasComponent":"false","hasUnlockedComponent":"false","isUnifiedRootApp":"false","sienaVersion":"20220428T190153Z-3.22043.14.0"},"properties":{"appVersion":"2022-04-28T19:01:53Z","lifeCycleId":"Published","createdByClientVersion":{"major":3,"minor":22043,"build":14,"revision":0,"majorRevision":0,"minorRevision":0},"minClientVersion":{"major":3,"minor":22043,"build":14,"revision":0,"majorRevision":0,"minorRevision":0},"backgroundColor":"RGBA(0,176,240,1)","backgroundImageUri":"/4733075487585403859/Ncda532e4-dc0a-4a26-9746-f065c6d08af1-logoSmallFile","displayName":"Images Uploader","description":"","commitMessage":"","appUris":{"documentUri":{"value":"/4733075487585403859/N9ca5fdf7-33c9-48d6-8da5-706cede84c5e-document.msapp"},"imageUris":[]},"createdTime":"0001-01-01T00:00:00Z","lastModifiedTime":"0001-01-01T00:00:00Z","sharedGroupsCount":0,"sharedUsersCount":0,"icons":{"smallIconUri":"/4733075487585403859/N19d2cca4-8d99-45c6-a20e-4d1e0c8f97fb-small.png","mediumIconUri":"/4733075487585403859/Nc9d9c860-f7bb-42ee-9a5d-c0c6b8db6a86-medium.png","largeIconUri":"/4733075487585403859/N76aff7cc-86e1-4739-a6c1-62430827da9c-large.png","wideIconUri":"/4733075487585403859/N8991199f-9592-4547-b7bb-1a07c4668392-wide.png"},"connectionReferences":{"f4f1307d-0538-4a1b-b1ed-e865e633d14f":{"id":"70a6a961-be4e-49cb-a503-8074d733f208","displayName":"SharePoint","iconUri":"https://connectoricons-prod.azureedge.net/releases/v1.0.1568/1.0.1568.2757/sharepointonline/icon.png","dataSources":["Travel"],"dependencies":[],"dependents":[],"parameterHints":{},"parameterHintsV2":{},"isOnPremiseConnection":false,"dataSets":{"https://mt21.sharepoint.com/sites/Trackers":{"dataSources":{"Travel":{"tableName":"af669f56-ca21-4ab2-968a-86320d2651bd"}}}},"apiTier":"Standard","isCustomApiConnection":false,"actions":["providers/PowerPlatform.Governance/Operations/Read"]}},"databaseReferences":{},"almMode":"Environment","performanceOptimizationEnabled":true,"canConsumeAppPass":true,"executionRestrictions":{"isTeamsOnly":false,"dataLossPreventionEvaluationResult":{"status":"Compliant","lastEvaluationDate":"2022-04-28T19:02:09.5047356Z","violations":[],"violationsByPolicy":[],"violationErrorMessage":"The app uses the following connectors: shared_sharepointonline."}}},"appType":"ClassicCanvasApp","appComponents":[]}}